;i=1;i=1;i=1;i=1;;i=2;i=2;i=2;i=2;;i=3;i=3;i=3;i=3;;i=4;i=4;i=4;i=4;;i=5;i=5;i=5;i=5;;i=6;i=6;i=6;i=6;;i=7;i=7;i=7;i=7
Palier -->;50;100;150;250;;50;100;150;250;;50;100;150;250;;50;100;150;250;;50;100;150;250;;50;100;150;250;;50;100;150;250
Scénario;;;;;;;;;;;;;;;;;;;;;;;;;;;;;;;;;;
1;48.6852;97.7937;153.4642;252.5966;;46.3227;103.0710;153.9899;263.6027;;49.0629;99.3848;152.5043;248.6207;;51.9764;99.9907;149.8621;250.9193;;49.2834;101.6519;147.7990;255.5522;;50.5684;99.4551;153.2566;247.2556;;50.5901;101.8961;143.1635;248.8078
2;   50.0443;  102.9312;  156.7783;  259.9999;;   54.9667;   96.1690;  157.5716;  256.8714;;   50.0884;  106.7878;  159.9426;  253.1971;;   51.3957;   96.0034;  144.2085;  249.5669;;   47.8944;  104.8405;  155.9774;  268.0174;;   51.2038;  101.8933;  152.1726;  248.9692;;   50.5340;  104.0710;  148.5077;  230.7193
3;   52.4594;  102.0512;  157.8354;  243.3559;;   47.7952;  106.7451;  145.4969;  268.9277;;   50.8158;  100.5612;  154.2431;  249.9166;;   48.6606;   97.1915;  149.1221;  244.0017;;   50.3645;   94.8760;  145.5500;  245.1114;;   48.6817;   98.1873;  154.3157;  248.6125;;   49.9963;   97.1121;  148.6441;  268.6111
4;   51.5888;   99.4293;  144.2571;  267.0610;;   53.3164;  106.7497;  154.1925;  248.4987;;   50.6399;   99.8460;  147.6391;  248.7933;;   50.8494;  102.0908;  146.2001;  237.8831;;   50.5800;  102.1515;  150.2224;  248.8681;;   48.6206;   99.4362;  151.4227;  247.4631;;   50.4127;  105.1469;  152.0722;  255.5205
5;   48.8470;   98.3101;  147.5463;  244.9248;;   50.6073;   97.2824;  151.7735;  256.4156;;   49.3185;   98.7137;  144.1164;  255.9030;;   50.3981;  100.4164;  151.1400;  246.7149;;   51.6159;   96.9588;  151.6235;  252.5167;;   48.8638;   95.7466;  147.3739;  246.7480;;   50.5948;   95.6177;  160.3920;  259.1645
6;   49.0325;  104.3641;  147.9727;  257.6093;;   55.8976;   93.3415;  153.5232;  256.5365;;   49.7321;   96.4021;  147.4034;  238.9578;;   50.7029;  100.0281;  148.9602;  250.0137;;   50.9917;   99.8808;  147.6689;  260.1858;;   50.8085;  101.6552;  147.3084;  256.8947;;   47.4400;  100.8451;  136.7031;  259.3101
7;   50.1476;  100.0574;  154.8938;  258.8602;;   49.5964;  100.4040;  137.6635;  255.6334;;   49.8351;  103.1615;  149.1219;  240.7996;;   50.0823;  100.5705;  147.5293;  255.6878;;   51.4178;   99.6881;  150.9804;  251.6716;;   50.3652;  101.8760;  149.6712;  246.4688;;   48.5721;  102.5799;  149.8684;  248.5414
8;   49.3419;   97.2406;  150.8272;  245.8430;;   49.0410;  105.0288;  138.1391;  242.6008;;   50.3516;  100.2028;  152.9450;  242.8977;;   51.6917;  100.3716;  146.1425;  245.6078;;   51.0569;  102.4308;  145.1660;  243.0956;;   50.3417;  102.2521;  149.0375;  252.9161;;   50.6466;  104.0262;  157.2125;  259.5987
9;   48.4642;   97.6841;  143.9073;  254.9973;;   48.6157;  104.0587;  160.0272;  234.3075;;   46.2851;  102.2324;  150.5213;  242.4200;;   49.1199;  102.3431;  154.5849;  253.7106;;   50.9059;   99.2358;  146.1586;  238.0684;;   48.9734;   98.8367;  148.0342;  247.6257;;   52.1957;   99.8025;  150.6339;  249.3694
10;   48.6798;   95.1616;  150.0005;  236.6373;;   49.4636;   92.6053;  144.9016;  237.1691;;   50.4068;   99.1217;  144.3583;  248.0322;;   52.0605;  103.7653;  150.8714;  262.3855;;   48.7735;  105.1318;  148.3867;  256.5671;;   51.1869;   97.2077;  150.0616;  252.2280;;   50.4281;   99.3920;  152.3661;  246.7859
11;   51.3590;  103.7690;  151.3527;  244.9405;;   51.0624;   96.7287;  148.9480;  238.6862;;   50.3214;  102.0581;  156.8762;  259.8132;;   50.5735;  101.8255;  139.8269;  250.4063;;   50.9571;  102.6494;  148.1950;  251.0916;;   49.4016;   96.0732;  152.1224;  246.2654;;   50.2062;  101.0570;  147.1089;  238.1758
12;   49.4552;   97.3603;  151.8301;  237.8672;;   51.8927;  105.7194;  144.1310;  256.4262;;   49.2937;  101.6883;  152.9446;  237.3917;;   50.3349;  104.9768;  148.9984;  249.5893;;   48.2434;  102.7894;  150.4665;  245.6431;;   51.8283;   99.9079;  152.3439;  262.1958;;   51.7681;  100.6585;  129.5322;  223.5289
13;   50.6871;   97.9750;  149.4582;  238.9697;;   49.3300;   97.0035;  144.4509;  238.9668;;   48.1785;   99.1851;  149.6486;  258.5972;;   51.5430;   98.0019;  154.0995;  249.2714;;   51.9487;   99.4683;  152.0557;  242.4825;;   50.3523;  100.2694;  148.1387;  246.3495;;   47.6158;  102.9012;  145.7154;  246.6349
14;   48.6614;   96.8180;  150.3011;  246.3154;;   52.5740;   97.2452;  155.6475;  255.0868;;   51.9021;  101.2075;  147.4969;  247.0254;;   50.0987;   99.6791;  144.0788;  254.4634;;   51.9383;  105.7355;  150.0354;  244.7834;;   51.0894;   99.0025;  151.3623;  252.8754;;   47.6179;  103.8520;  149.1046;  231.6704
15;   52.9462;  105.8851;  151.0992;  253.9721;;   50.4351;   91.3382;  167.3742;  246.6780;;   53.3024;   99.2022;  148.5268;  243.2776;;   51.3306;   99.4540;  149.3776;  265.7301;;   49.4378;  103.8222;  148.5888;  258.0192;;   48.9254;   99.2719;  151.4257;  253.0991;;   50.0932;   94.6223;  143.5170;  248.0923
16;   49.4658;   98.0071;  147.1781;  266.4337;;   49.7863;   98.3199;  146.7929;  257.0514;;   51.0066;  103.8709;  142.9958;  251.2531;;   51.8829;   99.5322;  147.6078;  246.8009;;   53.0003;  101.2426;  152.5468;  243.9163;;   49.8534;   99.5732;  148.2870;  254.0846;;   49.4581;   94.7897;  145.6456;  248.1703
17;   50.6651;  100.2154;  144.8012;  258.9749;;   48.4582;  102.9741;  164.3525;  251.0036;;   51.1411;   99.7094;  161.5381;  232.5275;;   48.7699;   97.6023;  153.6146;  242.7941;;   51.5400;   96.5388;  151.5783;  242.4561;;   48.8473;  101.6094;  151.5697;  239.2813;;   47.0115;   97.8366;  153.6483;  243.3816
18;   50.0147;   95.4152;  157.3737;  232.3469;;   57.3498;  100.2586;  143.3130;  245.5904;;   52.3421;  104.5072;  146.2712;  252.4715;;   49.5811;   98.9863;  149.1803;  254.5443;;   50.3143;  101.5828;  155.3788;  251.3361;;   49.7078;   99.4983;  150.1547;  243.2916;;   48.4629;  100.2817;  160.0595;  250.4006
19;   48.9918;   99.4722;  149.4622;  243.5649;;   49.3461;   97.7635;  138.7279;  242.5535;;   50.0280;   99.0878;  148.1971;  256.9807;;   48.7447;  100.6675;  155.8430;  256.0306;;   50.4928;   97.8114;  152.7593;  237.9719;;   49.2398;  101.6939;  154.9819;  251.8782;;   50.1438;   93.4421;  148.6630;  252.6600
20;   49.1510;  103.1229;  152.8672;  232.3309;;   47.9939;  101.6848;  144.4997;  259.9653;;   51.6012;   99.6192;  142.4627;  251.9830;;   51.6850;   97.9304;  150.0475;  244.7500;;   48.9595;  101.4284;  146.6057;  244.9455;;   49.0236;   97.8359;  149.6086;  246.3787;;   49.5404;   91.0969;  151.0289;  243.1443
21;   47.8161;   96.3387;  150.6946;  249.4088;;   51.5466;   96.2713;  141.7406;  256.1403;;   50.6111;   96.6005;  146.6681;  256.2521;;   49.4322;  102.2371;  146.4804;  238.3496;;   48.8334;   96.9969;  153.0182;  254.1975;;   50.7671;  100.5840;  155.1790;  252.3170;;   49.1393;   96.3629;  151.9284;  250.7932
22;   51.8573;   97.9963;  155.2093;  247.4916;;   50.9615;  104.3399;  149.7276;  241.4118;;   50.9955;   98.9288;  145.6504;  241.3217;;   50.8513;  101.7299;  149.7375;  255.3519;;   50.2693;   95.3314;  152.6776;  254.8673;;   49.7175;   99.6760;  149.0158;  246.7466;;   49.0850;   96.7919;  159.5836;  241.1765
23;   46.1353;   96.3280;  134.8921;  251.6542;;   52.9968;  102.0028;  145.5717;  260.6105;;   48.3894;  103.9250;  158.1081;  259.3855;;   50.3224;   99.5006;  147.6908;  252.7888;;   48.9784;  101.2921;  151.8279;  256.8731;;   49.6518;  101.6284;  147.0652;  239.1869;;   50.2228;   99.5288;  150.8088;  239.5592
24;   48.0651;   91.6239;  143.2050;  249.1501;;   47.3899;   99.9894;  149.8723;  256.8788;;   48.8477;   96.3782;  149.3598;  243.2101;;   49.8595;  103.5281;  150.4142;  249.2890;;   51.3159;  106.0849;  149.2313;  249.9813;;   50.2051;   97.1709;  154.6820;  248.0062;;   50.5800;   98.7330;  154.3142;  226.0929
25;   49.8253;  103.5284;  152.2305;  236.9066;;   48.3535;  102.4915;  167.0923;  242.3143;;   48.7912;  100.2832;  147.7500;  245.0671;;   49.8323;  103.9035;  147.2151;  253.4290;;   48.2050;   99.5329;  143.5370;  261.4077;;   50.1970;  100.0192;  152.1142;  248.7564;;   51.7362;  106.6933;  142.2753;  237.2847
26;   51.1681;  100.7874;  146.6785;  244.5401;;   48.4245;  105.2696;  145.6314;  245.0210;;   48.5689;   96.4070;  152.1162;  255.3101;;   49.1593;  103.2019;  148.2880;  254.9547;;   53.8839;   96.6633;  146.3254;  246.8773;;   50.3836;  101.2116;  148.9932;  247.7393;;   49.9021;   98.8186;  159.6785;  260.6095
27;   49.8808;  103.5804;  145.2356;  251.3477;;   47.4717;   92.8813;  150.3815;  247.0307;;   50.6420;   96.7982;  152.6417;  247.5496;;   50.7562;   98.8245;  148.0408;  254.9000;;   47.1212;   98.9565;  150.4549;  235.2192;;   49.6114;  100.1018;  150.5535;  251.5301;;   51.1615;   94.3865;  153.2931;  260.8861
28;   53.3387;   96.8971;  143.4484;  252.8605;;   49.6953;   98.1716;  152.3782;  256.3531;;   49.6512;  104.6413;  147.3957;  240.3150;;   50.8962;   97.7828;  146.7980;  252.2174;;   49.6349;   97.1730;  151.5495;  249.4190;;   50.8991;  101.4492;  146.6973;  236.0349;;   48.8583;   94.5060;  151.2113;  256.9015
29;   49.9550;   98.2435;  139.2748;  270.1396;;   50.9152;   99.5336;  141.4176;  241.9524;;   48.7440;   96.5863;  146.4124;  236.2432;;   49.8552;   97.6836;  148.1401;  247.1985;;   53.1727;  104.0783;  151.8190;  238.0776;;   49.7274;  102.1456;  149.2859;  246.2386;;   47.5456;   97.3098;  157.5477;  248.8890
30;   47.5995;  103.5746;  157.2479;  262.1247;;   49.6167;  102.3199;  149.5362;  237.4325;;   54.0651;   99.7991;  145.5922;  237.4525;;   50.5004;  101.4397;  149.9140;  252.0407;;   50.0361;   98.6897;  158.8086;  250.7767;;   50.0106;  102.7680;  152.6457;  243.7748;;   52.3184;  102.2075;  152.4189;  249.6503
31;   52.3517;  101.9215;  150.8849;  244.7862;;   49.6352;  107.4480;  145.0563;  249.7220;;   49.7018;   95.4647;  148.3448;  250.7878;;   49.4247;  101.9559;  154.5261;  240.1518;;   51.1907;   95.5079;  146.1682;  243.0295;;   49.6729;  100.3539;  148.1109;  255.0606;;   49.1461;  100.8978;  154.9522;  252.3829
32;   50.5432;   97.8916;  155.6405;  257.8212;;   50.2587;  100.1824;  155.3721;  228.7302;;   48.1770;  103.9742;  151.7717;  239.5783;;   50.6303;  103.2179;  151.8670;  246.8229;;   50.8077;   99.0974;  151.2767;  265.8485;;   50.8412;  102.6194;  147.7625;  252.3918;;   50.0741;  107.5406;  147.2688;  242.4864
33;   51.1613;   97.3642;  156.0161;  241.3767;;   50.8522;   86.6171;  141.2975;  259.6749;;   50.4196;   97.3323;  146.2977;  254.7602;;   49.3735;   98.7924;  150.2278;  248.7217;;   52.6189;  100.2655;  153.3369;  250.3673;;   49.2063;   98.0619;  148.1606;  247.5212;;   50.6412;   97.7472;  162.8523;  253.4739
34;   48.5187;   98.1617;  135.3577;  247.9400;;   51.7959;   96.1220;  153.6670;  232.3762;;   50.6178;  104.7015;  149.2207;  259.8640;;   49.9361;   99.1233;  146.7640;  250.6312;;   50.3724;  100.5658;  149.9377;  263.9144;;   50.1577;  102.1090;  147.0383;  252.0910;;   51.9659;   92.8526;  151.2989;  256.7636
35;   48.7374;   98.8168;  154.5532;  244.9044;;   55.1981;   96.2273;  146.1931;  265.0240;;   50.7765;   99.8676;  151.5886;  245.7523;;   48.5290;   98.8821;  151.0178;  253.0334;;   51.5061;  100.9682;  146.4630;  246.3810;;   50.4568;   97.0644;  149.7757;  245.7106;;   52.5886;  103.5024;  144.3682;  239.6871
36;   53.8129;  101.7533;  159.6627;  237.1279;;   52.2662;   97.9709;  143.5333;  242.2059;;   48.7380;   94.7827;  149.5963;  250.6319;;   49.5129;   99.9796;  147.0820;  248.2773;;   48.9462;  100.0534;  152.7818;  256.3410;;   49.8210;  100.2335;  149.9946;  242.2354;;   51.3260;  100.0263;  150.7607;  262.2079
37;   48.8078;   98.5190;  142.2659;  245.3418;;   49.6963;   93.9388;  138.4950;  238.6331;;   50.4302;   96.9187;  148.1933;  251.6661;;   50.6206;   99.0427;  148.9618;  253.9555;;   50.2601;  105.8626;  151.4258;  229.8068;;   51.0641;   96.6999;  147.7542;  241.5314;;   51.1513;  101.3127;  155.2145;  258.8072
38;   48.3999;  105.0940;  152.4357;  258.4233;;   48.0747;  111.2573;  141.7617;  228.6981;;   48.8356;  100.7758;  144.2724;  245.7573;;   50.5027;  102.4158;  144.4798;  241.8618;;   47.7422;   95.8567;  157.2678;  248.5616;;   50.0501;  100.1617;  150.7260;  257.5534;;   48.2518;   98.9890;  143.8435;  239.6376
39;   55.9695;   99.5903;  156.9776;  239.4346;;   48.5663;  100.6528;  157.7177;  246.9361;;   49.7278;   98.5852;  149.8848;  242.6157;;   48.4814;  101.7987;  153.3611;  251.0504;;   50.9220;   98.5663;  144.6786;  251.9822;;   52.2815;   98.3475;  148.4788;  245.6084;;   51.9188;  101.0126;  151.9226;  241.9645
40;   46.4795;   86.1400;  146.8907;  261.6950;;   49.9577;  100.3242;  163.1037;  239.3527;;   48.8757;   97.4626;  149.5876;  247.1560;;   51.4048;  101.3128;  150.7622;  238.2834;;   50.4920;  100.0781;  154.4566;  255.6180;;   49.4774;   98.0104;  146.2177;  245.9759;;   50.7748;  105.0031;  159.5693;  225.3771
41;   48.8592;   99.8748;  153.1946;  258.6481;;   47.1732;  106.2291;  144.0611;  269.3843;;   51.8313;   97.0636;  146.4348;  251.0249;;   51.4995;   99.5800;  147.8509;  250.9578;;   50.8624;   99.9605;  157.0692;  259.7639;;   50.3374;   98.7574;  151.7736;  249.9809;;   51.2556;  103.4351;  147.5392;  244.0903
42;   48.2966;  100.7349;  153.6403;  234.7912;;   51.9555;   92.8308;  153.3316;  253.8786;;   48.7706;  100.9177;  156.3080;  244.3680;;   50.4729;   99.2915;  150.8646;  248.3876;;   50.2821;  100.2245;  157.8457;  234.9483;;   50.0806;  102.6959;  148.1026;  243.5102;;   50.1796;  103.2777;  146.8740;  246.0556
43;   50.9994;   92.7456;  161.8587;  255.9131;;   52.2216;   94.8746;  148.7702;  231.4600;;   48.8745;  105.0195;  153.4406;  265.9182;;   50.7528;  100.1428;  148.8152;  255.8068;;   49.3808;   93.1908;  141.7511;  256.2708;;   47.7939;   99.2860;  144.0076;  251.2413;;   50.2884;   98.6712;  147.6558;  240.1545
44;   49.6539;   94.3139;  154.9245;  248.2949;;   51.4272;   94.2904;  152.6247;  249.7610;;   49.1690;   99.8723;  146.8778;  249.1068;;   51.5531;   98.0531;  150.4604;  249.6903;;   51.2563;   99.0829;  148.7034;  243.0497;;   50.2127;  101.1623;  149.2599;  255.1482;;   46.5510;  102.5816;  146.0119;  243.8579
45;   50.3397;  102.6413;  149.3826;  240.5052;;   47.7802;  102.8962;  145.0415;  247.9225;;   49.0194;  102.6270;  145.7146;  255.2081;;   50.5209;  101.0649;  157.8879;  260.3296;;   48.2480;   99.3127;  150.4067;  247.8483;;   50.4668;   99.8958;  149.0740;  248.7172;;   50.5570;  103.5674;  155.3532;  258.4177
46;   50.9072;  102.3897;  157.5438;  230.6865;;   51.2300;   93.4480;  153.7359;  251.1223;;   50.0673;  102.5964;  147.5381;  254.5920;;   50.5373;  101.7458;  152.8513;  252.4710;;   50.1920;   97.8974;  153.2323;  249.4442;;   51.1208;   97.6544;  147.4390;  246.5260;;   52.3859;  101.3150;  142.5784;  232.7918
47;   47.6437;  104.8866;  155.6562;  256.6050;;   55.6382;  111.5029;  154.0633;  238.0436;;   50.3541;  101.2921;  149.2017;  253.2810;;   50.7928;  101.7399;  146.9399;  241.5202;;   48.8078;   98.0440;  149.4003;  242.9620;;   48.9395;   99.3291;  147.2077;  253.0013;;   48.3725;   95.3907;  140.4167;  247.9551
48;   51.2315;  105.6004;  150.8467;  257.7960;;   49.5598;  100.5146;  147.5857;  228.4519;;   50.1647;   99.3302;  147.6165;  247.0067;;   49.7031;  100.2707;  153.4252;  252.6131;;   49.7585;   98.5665;  146.1636;  265.5218;;   50.9947;   97.9496;  150.0532;  247.5378;;   50.0236;  101.6543;  149.3464;  254.6796
49;   52.6704;  101.3299;  150.6775;  248.3163;;   50.3801;  100.9560;  142.2072;  233.9237;;   50.6534;   96.9952;  153.5559;  240.6753;;   50.9007;   97.7895;  153.8814;  250.6659;;   51.0431;  101.1888;  149.8076;  251.0236;;   49.0978;  102.8455;  151.6906;  244.4811;;   49.8941;  105.4566;  147.5785;  256.8017
50;   49.9822;   99.8414;  144.3737;  265.1405;;   48.0970;   98.5362;  151.1903;  260.3563;;   52.3358;  102.8053;  157.2425;  251.8837;;   48.7633;  100.8312;  144.7382;  245.6359;;   50.2533;  101.4304;  151.4785;  252.0141;;   50.6253;   96.3745;  149.7936;  248.8583;;   44.5570;  107.1378;  141.6926;  250.3439
51;   49.8944;   97.8134;  148.3496;  247.0631;;   48.5070;   95.2800;  143.0675;  242.7804;;   48.5043;  100.2542;  145.1305;  240.0154;;   48.0825;  100.6088;  148.5926;  251.7620;;   48.7487;   95.6387;  155.3175;  246.6015;;   50.0937;  100.0715;  149.3104;  249.4901;;   48.2253;  102.7596;  143.2310;  246.2893
52;   51.4992;  103.2524;  149.7151;  250.2769;;   48.1704;  101.3789;  170.5986;  237.0381;;   50.0091;  101.9756;  150.7215;  247.2377;;   51.9100;  101.7434;  151.4825;  251.7192;;   46.8550;   95.9007;  135.7878;  246.9726;;   51.4422;   99.0015;  149.9591;  251.5799;;   50.1700;   99.0118;  145.3475;  224.4288
53;   52.5875;  100.9551;  145.5388;  266.4847;;   49.9553;   99.4928;  142.1312;  255.7802;;   47.8272;   98.2677;  154.0443;  256.6876;;   51.9308;   99.9514;  151.4734;  250.7852;;   49.1425;   98.2521;  151.9051;  251.3306;;   50.3200;   98.7012;  149.7984;  244.6951;;   47.4416;   99.3197;  153.2386;  267.5550
54;   52.7243;   98.6985;  142.3777;  248.1241;;   50.9322;  104.1617;  158.1357;  263.6504;;   51.9530;   99.9808;  152.3708;  249.4924;;   48.5442;   99.4414;  155.4252;  247.9850;;   50.1796;   98.8126;  147.4888;  254.7098;;   49.5598;  103.2321;  151.1532;  240.9109;;   52.3810;  102.8101;  147.3583;  232.8262
55;   46.5635;  106.7119;  150.2454;  248.0733;;   49.8905;   96.1231;  142.1041;  248.2105;;   49.5717;  103.6760;  148.1142;  229.0865;;   48.2182;   99.5801;  149.5085;  255.6208;;   49.3603;   99.1750;  146.1062;  245.6903;;   50.5596;   99.1266;  146.3789;  246.1665;;   52.2811;  100.0197;  151.7887;  239.1517
56;   47.8745;   97.6468;  146.1661;  248.2358;;   54.2237;   97.4500;  139.6818;  232.8621;;   51.7165;  100.0541;  152.6206;  241.4476;;   50.7642;   98.6563;  152.7140;  248.4600;;   51.3358;  100.8363;  145.6212;  245.6116;;   51.3998;   99.4517;  151.1577;  255.8948;;   47.8079;   99.1589;  154.5510;  249.3598
57;   47.8977;   97.4925;  147.3019;  261.8874;;   50.6112;   96.6635;  148.6348;  256.4148;;   49.3322;  101.8205;  154.6348;  256.0367;;   50.7629;   95.6132;  156.0754;  250.0825;;   49.7400;   94.7661;  152.4535;  256.9789;;   50.2377;  100.0135;  151.7248;  246.6026;;   51.7049;  102.1559;  147.7880;  242.6740
58;   49.9536;   99.2233;  143.8692;  253.5259;;   51.5697;  104.2040;  146.5476;  250.6713;;   51.3514;   98.4863;  149.6562;  254.3543;;   49.7263;  101.4929;  148.9870;  251.2966;;   52.0969;   99.4479;  147.5814;  247.2972;;   49.6411;  101.2795;  150.8838;  245.5844;;   52.6100;   95.8414;  147.1777;  246.0935
59;   48.8736;  105.6869;  155.8092;  243.2931;;   49.9143;   98.4132;  152.9591;  268.7282;;   50.8364;   95.4802;  151.8316;  255.9201;;   49.4950;  100.3842;  144.3585;  246.0447;;   48.7602;  106.1510;  150.1611;  243.4804;;   50.7389;   99.9971;  147.3859;  255.2732;;   50.1140;   91.1956;  145.3199;  245.2244
60;   53.1953;   91.1512;  152.9088;  284.2645;;   51.9471;  100.4397;  148.4172;  257.1917;;   51.2893;   98.2547;  149.6076;  262.1124;;   50.8006;  101.3069;  148.4649;  262.6537;;   48.9697;  100.3443;  144.5812;  250.5514;;   49.0216;  101.3094;  144.2242;  255.0266;;   51.3390;   99.2040;  138.3453;  242.4381
61;   50.6904;   99.6477;  146.7181;  259.0986;;   50.9285;   93.9482;  145.9814;  251.4273;;   52.3212;   97.0005;  144.2728;  252.2310;;   50.5322;  100.6717;  148.0984;  248.1245;;   50.0168;  101.3496;  143.1089;  250.5954;;   49.3981;  100.3145;  149.3043;  251.9717;;   49.3691;  102.8290;  151.2352;  248.7447
62;   48.4232;   98.8339;  148.3024;  236.1695;;   48.2783;  102.9480;  145.4338;  244.7697;;   48.2145;   99.4044;  148.8427;  240.8794;;   49.4953;  102.8323;  153.0507;  243.1954;;   49.7422;  100.1091;  155.7418;  249.0499;;   49.6983;  102.9606;  149.9058;  246.3300;;   48.5293;  100.5103;  163.0912;  246.9933
63;   50.4270;  105.3216;  147.2736;  250.2936;;   49.4173;   95.0480;  151.1545;  249.4211;;   51.0717;  102.6530;  157.9348;  263.9016;;   51.3858;   98.7091;  150.2152;  247.4052;;   50.0332;  102.5294;  149.9473;  258.2061;;   49.6154;  101.9518;  151.9435;  251.0657;;   48.8470;   92.2914;  167.6843;  249.5359
64;   49.9054;  101.0107;  149.1635;  277.0527;;   50.7219;  104.9527;  141.0465;  239.2514;;   49.2973;   96.5587;  146.5769;  253.4557;;   49.7240;  102.2150;  147.5075;  248.7201;;   51.4310;  100.3431;  152.4818;  251.6984;;   52.2283;  100.1841;  149.3451;  251.1129;;   47.1156;  106.5273;  154.2470;  237.6218
65;   47.4286;  104.2406;  151.2159;  246.4059;;   51.9565;  101.5725;  148.2724;  245.0503;;   51.4794;   99.5284;  151.9233;  254.9340;;   50.8978;   97.8808;  154.2182;  250.5320;;   50.1156;  100.0934;  149.2496;  242.3448;;   50.0438;  101.2571;  147.0819;  248.0393;;   50.7251;  102.6156;  146.6991;  227.2661
66;   51.2228;   96.3809;  149.8129;  252.7180;;   54.9259;  100.9952;  142.9003;  266.8888;;   49.3507;  101.1184;  146.8957;  242.0681;;   51.2680;  100.9052;  151.0563;  238.8963;;   49.3026;   97.8267;  153.4997;  256.3453;;   48.0238;   97.3985;  149.5669;  257.8228;;   53.7563;  107.3398;  148.3807;  247.4095
67;   47.6705;  102.3978;  150.7377;  245.8685;;   53.1456;  103.8311;  147.5732;  237.4426;;   49.3994;   98.2069;  148.4439;  248.6515;;   47.5430;  100.6591;  144.6457;  260.6924;;   51.2972;  104.6962;  154.2590;  246.2220;;   50.6405;   98.2713;  152.1221;  251.2677;;   50.1525;  100.8423;  139.7662;  248.4021
68;   46.0185;   98.7243;  143.7501;  246.4149;;   49.0138;  105.9202;  146.6372;  254.0458;;   52.6415;   98.3129;  156.2423;  266.4427;;   48.6024;  103.9118;  144.7061;  253.3870;;   51.0171;  103.9003;  145.5606;  255.1756;;   50.2770;   98.8027;  145.0450;  254.3015;;   47.0452;  107.6007;  150.0098;  243.7386
69;   47.1357;  100.1532;  168.4393;  240.3710;;   53.7615;   97.9759;  143.3609;  252.1867;;   48.8738;   98.1466;  154.6170;  250.1698;;   49.1191;  104.5151;  151.3400;  253.8274;;   52.9497;   95.5961;  148.2262;  234.6954;;   50.2302;  101.9483;  151.0830;  249.9248;;   50.0972;   99.2073;  150.3061;  255.0648
70;   51.8166;  104.7146;  151.0875;  256.7226;;   47.2824;   98.5650;  158.5031;  241.9172;;   49.0259;   96.7332;  149.8698;  258.1707;;   52.3070;  100.3989;  155.8923;  257.1634;;   50.2884;   97.3269;  153.4064;  244.5179;;   49.9668;  101.9706;  150.0120;  248.9222;;   53.7055;  110.0057;  152.4046;  246.5490
71;   48.1754;  100.6431;  152.7879;  254.6335;;   48.4575;   99.4972;  130.4369;  239.6456;;   50.5822;   99.6339;  149.1604;  243.7007;;   49.5823;   98.9528;  148.9352;  251.7895;;   48.6497;   98.1391;  154.8367;  257.7681;;   49.8689;  101.4159;  148.2599;  244.2014;;   50.4153;   98.8985;  132.2089;  252.9038
72;   50.3380;   87.9599;  153.6881;  275.3616;;   48.2856;  101.4465;  154.8274;  230.6632;;   50.2287;  101.4592;  152.8206;  251.5717;;   49.6277;   99.2646;  150.3784;  254.1162;;   52.0547;  105.2982;  147.9815;  273.1145;;   50.2807;  100.3901;  152.0646;  265.3920;;   53.2412;   95.7224;  150.0190;  258.2156
73;   50.9871;  107.7032;  144.0217;  250.3339;;   49.4639;   98.9065;  162.6909;  239.3824;;   50.5264;   98.9870;  150.1661;  233.0833;;   51.2606;  103.1563;  151.2966;  252.2167;;   51.2746;  100.9526;  147.9451;  234.6044;;   48.2962;   98.6710;  156.0352;  247.4970;;   48.8705;  103.9043;  152.6496;  221.5108
74;   51.0996;  102.0281;  154.7134;  251.1861;;   48.3641;   96.9078;  153.4270;  247.5797;;   50.9188;   98.4060;  150.8730;  256.1234;;   50.6679;   98.5944;  154.7588;  247.0076;;   50.0054;   98.2340;  145.6016;  250.1717;;   49.2112;   99.7183;  146.9409;  247.7400;;   54.7853;  103.5204;  151.6390;  262.8104
75;   51.3997;   96.9062;  154.7125;  243.7565;;   50.9279;   92.2419;  154.2188;  248.7175;;   50.6867;  102.2831;  141.1162;  241.8166;;   50.9560;  100.4638;  148.7234;  248.3233;;   51.7324;   96.9920;  149.7635;  250.4589;;   50.2932;   99.3690;  146.2372;  258.3990;;   48.7059;  101.3532;  154.0509;  257.1326
76;   53.8909;  101.3881;  143.9103;  261.2142;;   51.8014;   97.7381;  163.9218;  259.8470;;   50.4524;   97.2543;  153.7976;  246.4629;;   52.0056;  100.5209;  145.1250;  253.6514;;   49.8500;  101.9505;  148.1771;  246.6759;;   48.8473;   96.7182;  151.1243;  249.4239;;   52.0383;  101.8910;  148.1275;  243.4270
77;   46.4036;  103.2809;  154.2986;  244.7816;;   49.4667;  100.6274;  141.6630;  240.2743;;   50.0411;  105.6309;  150.5460;  230.1287;;   48.4445;  103.4432;  140.2981;  249.0529;;   50.4217;   98.6906;  154.5237;  241.9232;;   50.3462;  101.0055;  147.3663;  247.0294;;   48.2325;  106.8116;  155.6684;  271.8337
78;   51.9870;  103.3590;  154.7914;  251.0946;;   57.6018;  102.6754;  152.1725;  248.2033;;   51.3075;   93.3208;  143.6111;  239.0918;;   49.9856;  100.4961;  155.9341;  252.3446;;   50.6955;  102.5937;  149.6523;  254.7194;;   51.5149;  100.2635;  155.8390;  248.0527;;   49.6804;  100.8342;  148.1810;  245.8299
79;   47.3835;   93.5968;  160.4333;  226.0491;;   49.9211;   94.9952;  153.9741;  252.5402;;   50.4560;   98.7199;  154.3444;  249.5322;;   49.6600;  100.3775;  150.6593;  255.3435;;   50.6403;  102.5976;  147.1942;  242.5436;;   50.9705;   99.6335;  143.5747;  245.6120;;   48.9034;  101.5873;  144.7508;  233.8620
80;   48.7087;  103.2860;  140.7885;  257.3801;;   52.0066;   99.1468;  152.4266;  251.6776;;   53.1789;  104.7458;  149.7781;  254.3199;;   49.5850;   99.9442;  153.1628;  244.8587;;   51.4407;  100.2387;  148.1525;  248.0826;;   48.6005;  103.1728;  149.2514;  252.8510;;   49.8165;  100.1456;  151.4874;  234.4462
81;   47.9585;  101.0600;  148.2369;  248.2759;;   49.3132;   99.0352;  134.4129;  253.2270;;   48.8099;   94.9281;  144.9386;  252.0051;;   48.6845;  100.5588;  152.1509;  254.7609;;   51.4170;   99.4774;  151.0558;  241.9931;;   49.4967;   97.3581;  151.0875;  253.8275;;   50.7617;  104.2995;  149.8546;  249.6614
82;   50.6602;   97.4007;  147.8957;  260.2547;;   49.2629;   97.3872;  152.9585;  230.1539;;   51.9068;  101.5853;  161.5829;  240.9242;;   52.4795;   99.4192;  144.2792;  250.4874;;   48.1593;  106.1420;  155.1649;  241.9426;;   51.0785;   99.5835;  149.3508;  257.9208;;   50.5242;  100.9639;  158.3858;  242.5936
83;   46.3372;  100.6305;  151.2088;  243.8734;;   50.9680;   94.2475;  151.7437;  280.8244;;   50.7514;  101.2123;  148.3705;  264.3691;;   48.5822;   96.2544;  146.4678;  259.1062;;   51.7777;  103.4781;  154.7889;  245.2739;;   50.5808;  101.0192;  147.3440;  247.5993;;   50.8757;  104.3488;  155.5711;  263.1751
84;   49.6188;  100.9534;  149.2285;  251.3875;;   44.5902;  115.1763;  145.5197;  226.7746;;   50.9520;  101.0860;  149.2787;  270.8718;;   51.5141;   98.2721;  148.3533;  247.1965;;   49.5194;  100.0071;  142.6842;  243.4268;;   49.8382;   97.0908;  147.7378;  241.5277;;   49.6499;   99.6816;  155.0875;  241.5191
85;   51.4092;   94.9224;  149.5063;  249.9043;;   51.5879;  100.5701;  152.0257;  242.1434;;   48.8644;   99.0922;  149.7614;  247.0511;;   51.2693;   99.8394;  150.9792;  246.0463;;   52.3310;   99.4595;  155.0913;  248.1187;;   50.7018;   99.6171;  150.8289;  245.0916;;   50.2866;  106.9450;  154.4914;  234.3927
86;   54.4217;   97.6644;  154.9322;  238.5279;;   49.3556;   98.1808;  136.5674;  248.8732;;   49.1891;   93.4418;  152.4695;  245.6531;;   51.0917;  100.1209;  146.6003;  243.0293;;   50.3730;   99.9758;  153.9786;  236.8286;;   47.3436;  101.5142;  147.7222;  253.2733;;   50.7535;   92.6437;  141.7939;  248.9686
87;   48.9975;  100.8853;  160.2518;  245.1182;;   48.4342;   98.3783;  159.0851;  248.4946;;   50.1432;  105.9114;  153.4825;  253.6335;;   48.2143;   96.9193;  149.7354;  250.6738;;   48.5909;   95.6424;  149.0108;  235.6304;;   50.0742;   98.2157;  147.5399;  262.2485;;   49.5619;   99.3998;  152.3337;  234.0243
88;   49.1887;  101.0114;  161.1146;  234.5152;;   49.5284;   99.2275;  148.7109;  233.6769;;   51.1640;  106.0784;  150.9819;  256.0623;;   48.5904;  101.2080;  148.9387;  244.3068;;   50.9878;  100.7670;  149.6572;  243.8728;;   51.0079;  100.3215;  148.2118;  248.5103;;   49.8279;  101.4268;  144.4753;  270.5826
89;   49.4323;   99.3704;  140.5699;  235.6813;;   48.7481;  100.1873;  146.7982;  248.7520;;   51.6546;  101.5358;  152.7670;  253.6197;;   49.7061;  100.4386;  146.3291;  245.2123;;   50.6846;  101.1617;  144.1132;  252.7190;;   48.3629;   99.5671;  146.9942;  255.5469;;   49.6212;  100.8570;  144.3234;  248.3826
90;   51.2215;   94.0341;  148.0215;  240.1857;;   44.6616;  105.9232;  151.4074;  264.0296;;   48.7132;   98.7320;  152.6208;  239.1453;;   51.2892;   99.2130;  150.2033;  246.9085;;   51.1054;  100.9436;  146.9293;  255.1396;;   49.1709;  101.5565;  146.4328;  237.9393;;   49.4379;  105.4393;  150.0045;  253.3917
91;   48.0885;  102.3599;  142.7012;  251.0510;;   51.9269;  106.7635;  161.8937;  237.9823;;   49.1411;   98.5370;  153.3444;  253.0400;;   50.3783;  101.8127;  147.7424;  255.0205;;   51.0832;   96.4391;  156.6476;  256.4330;;   50.1385;  104.8948;  144.8072;  246.1782;;   46.4373;  107.2939;  153.3250;  238.7453
92;   48.8695;  101.2074;  148.5626;  264.2448;;   52.1522;   98.7491;  149.4431;  236.9876;;   48.1154;   97.6593;  158.0011;  264.5029;;   49.6478;  101.5412;  150.0267;  248.8808;;   47.8871;   94.6026;  149.2921;  250.4992;;   51.0633;  100.6087;  151.5429;  255.3675;;   49.0133;   91.9351;  149.1213;  265.4523
93;   52.7681;   90.3679;  152.2895;  252.0148;;   46.9049;   98.9272;  139.1893;  254.8668;;   50.0605;   98.2854;  155.2883;  252.2440;;   49.3053;   98.9234;  150.5795;  252.1429;;   49.1862;   93.2545;  149.5020;  240.8094;;   49.8991;   98.2414;  144.7944;  248.5160;;   48.3336;   98.7896;  157.0424;  262.9276
94;   50.9177;  101.0187;  148.6422;  250.1824;;   48.5787;  100.1467;  145.2521;  253.3630;;   50.8724;   96.6141;  153.5994;  236.8192;;   49.3474;  101.5856;  154.9656;  251.9788;;   48.2990;   98.3475;  149.7433;  252.5546;;   48.4496;  101.2145;  149.4638;  255.0792;;   49.6384;  103.0435;  143.4781;  254.0472
95;   48.7679;  100.0573;  157.4458;  248.4247;;   54.1367;  106.2734;  144.6688;  274.5755;;   49.2417;   94.5278;  145.8690;  234.4938;;   49.3349;   98.4481;  147.8800;  257.5239;;   49.6343;   99.2331;  149.0084;  256.6633;;   49.2432;  102.2988;  153.1856;  251.1341;;   46.2560;  103.0822;  155.4298;  258.0077
96;   48.3864;   97.2749;  144.3674;  252.7155;;   47.7046;  109.7633;  148.2169;  243.7041;;   51.3246;   99.8125;  149.3246;  260.4692;;   50.3814;   99.6752;  149.2074;  249.0526;;   51.9311;   99.7057;  147.5625;  245.4398;;   48.7968;   97.3228;  150.1395;  246.6145;;   47.6301;   98.3636;  142.9569;  243.6139
97;   49.2086;  100.9998;  139.5783;  254.4179;;   48.7030;  105.0454;  143.2113;  250.7150;;   52.8396;  103.2832;  150.9839;  249.3256;;   49.2780;   99.5386;  150.2435;  252.2530;;   50.5068;  102.4627;  151.3605;  265.0266;;   48.9884;  100.3243;  148.7055;  250.3643;;   50.0738;   93.9535;  142.4046;  237.5609
98;   50.6095;   90.6304;  149.3972;  229.9471;;   43.5927;  105.1630;  143.4930;  239.2610;;   51.6411;   95.7020;  154.8129;  243.1944;;   51.1787;   98.6955;  153.3343;  260.0916;;   48.4218;   94.6424;  150.6489;  255.5180;;   50.4274;  101.3205;  153.6174;  243.0197;;   49.7113;  103.0012;  155.1975;  253.5459
99;   49.6860;   92.3459;  149.7675;  242.0064;;   47.2993;   95.1225;  168.0183;  248.2788;;   48.7847;  102.1161;  147.8780;  263.8054;;   48.8983;   96.4837;  148.0475;  253.0345;;   51.6604;   99.0116;  146.0535;  251.9838;;   51.9056;   98.2822;  157.2022;  244.0279;;   45.7233;   95.9572;  146.3530;  250.2249
100;   52.0292;  106.4567;  150.9808;  263.5186;;   51.3376;   95.6477;  154.9692;  269.1709;;   48.2180;  102.1738;  147.0675;  243.6068;;   50.0718;  100.3183;  145.4173;  251.2611;;   51.3168;  100.6896;  159.3072;  238.6022;;   48.4675;   98.6949;  153.2726;  256.3907;;   49.9713;   99.7887;  140.6383;  254.3413
